year,month,day,open,close,high,low
2023,10,23,170.91,173.0,174.01,169.93
2023,10,20,175.31,172.88,175.42,172.64
2023,10,19,176.04,175.46,177.84,175.19
2023,10,18,175.58,175.84,177.58,175.11
2023,10,17,176.65,177.15,178.42,174.8
2023,10,16,176.75,178.72,179.08,176.51
2023,10,13,181.42,178.85,181.93,178.14
2023,10,12,180.07,180.71,182.34,179.04
2023,10,11,178.2,179.8,179.85,177.6
2023,10,10,178.1,178.39,179.72,177.95
2023,10,9,176.81,178.99,179.05,175.8
2023,10,6,173.8,177.49,177.99,173.18
2023,10,5,173.79,174.91,175.45,172.68
2023,10,4,171.09,173.66,174.21,170.97
2023,10,3,172.26,172.4,173.63,170.82
2023,10,2,171.22,173.75,174.3,170.93
2023,9,29,172.02,171.21,173.07,170.34
2023,9,28,169.34,170.69,172.03,167.62
2023,9,27,172.62,170.43,173.04,169.05
2023,9,26,174.82,171.96,175.2,171.66
2023,9,25,174.2,176.08,176.97,174.15
2023,9,22,174.67,174.79,177.08,174.05
2023,9,21,174.55,173.93,176.3,173.86
2023,9,20,179.26,175.49,179.7,175.4
2023,9,19,177.52,179.07,179.63,177.13
2023,9,18,176.48,177.97,179.38,176.17
2023,9,15,176.48,175.01,176.5,173.82
2023,9,14,174.0,175.74,176.1,173.58
2023,9,13,176.51,174.21,177.3,173.98
2023,9,12,179.49,176.3,180.13,174.82
2023,9,11,180.07,179.36,180.3,177.34
2023,9,8,178.35,178.18,180.24,177.79
2023,9,7,175.18,177.56,178.21,173.54
2023,9,6,188.4,182.91,188.85,181.47
2023,9,5,188.28,189.7,189.98,187.61
2023,9,1,189.49,189.46,189.92,188.28
2023,8,31,187.84,187.87,189.12,187.48
2023,8,30,184.94,187.65,187.85,184.74
2023,8,29,179.7,184.12,184.9,179.5
2023,8,28,180.09,180.19,180.59,178.55
2023,8,25,177.38,178.61,179.15,175.82
2023,8,24,180.67,176.38,181.1,176.01
2023,8,23,178.52,181.12,181.55,178.33
2023,8,22,177.06,177.23,177.68,176.25
2023,8,21,175.07,175.84,176.13,173.74
2023,8,18,172.3,174.49,175.1,171.96
2023,8,17,177.14,174.0,177.51,173.48
2023,8,16,177.13,176.57,178.54,176.5
2023,8,15,178.88,177.45,179.48,177.05
2023,8,14,177.97,179.46,179.69,177.31
2023,8,11,177.32,177.79,178.62,176.55
2023,8,10,179.48,177.97,180.75,177.6
2023,8,9,180.87,178.19,180.93,177.01
2023,8,8,179.69,179.8,180.27,177.58
2023,8,7,182.13,178.85,183.13,177.35
2023,8,4,185.52,181.99,187.38,181.92
2023,8,3,191.57,191.17,192.37,190.69
2023,8,2,195.04,192.58,195.18,191.85
2023,8,1,196.24,195.61,196.73,195.28
2023,7,31,196.06,196.45,196.49,195.26
2023,7,28,194.67,195.83,196.63,194.14
2023,7,27,196.02,193.22,197.2,192.55
2023,7,26,193.67,194.5,195.64,193.32
2023,7,25,193.33,193.62,194.44,192.92
2023,7,24,193.41,192.75,194.91,192.25
2023,7,21,194.1,191.94,194.97,191.23
2023,7,20,195.09,193.13,196.47,192.5
2023,7,19,193.1,195.1,198.23,192.65
2023,7,18,193.35,193.73,194.33,192.42
2023,7,17,191.9,193.99,194.32,191.81
2023,7,14,190.23,190.69,191.18,189.63
2023,7,13,190.5,190.54,191.19,189.78
2023,7,12,189.68,189.77,191.7,188.47
2023,7,11,189.16,188.08,189.3,186.6
2023,7,10,189.26,188.61,189.99,187.04
2023,7,7,191.41,190.68,192.67,190.24
2023,7,6,189.84,191.81,192.02,189.2
2023,7,5,191.57,191.33,192.98,190.62
2023,7,3,193.78,192.46,193.88,191.76
2023,6,30,191.63,193.97,194.48,191.26
2023,6,29,189.08,189.59,190.07,188.94
2023,6,28,187.93,189.25,189.9,187.6
2023,6,27,185.89,188.06,188.39,185.67
2023,6,26,186.83,185.27,188.05,185.23
2023,6,23,185.55,186.68,187.56,185.01
2023,6,22,183.74,187.0,187.05,183.67
2023,6,21,184.9,183.96,185.41,182.59
2023,6,20,184.41,185.01,186.1,184.41
2023,6,16,186.73,184.92,186.99,184.27
2023,6,15,183.96,186.01,186.52,183.78
2023,6,14,183.37,183.95,184.39,182.02
2023,6,13,182.8,183.31,184.15,182.44
2023,6,12,181.27,183.79,183.89,180.97
2023,6,9,181.5,180.96,182.23,180.63
2023,6,8,177.9,180.57,180.84,177.46
2023,6,7,178.44,177.82,181.21,177.32
2023,6,6,179.97,179.21,180.12,177.43
2023,6,5,182.63,179.58,184.95,178.04
2023,6,2,181.03,180.95,181.78,179.26
2023,6,1,177.7,180.09,180.12,176.93
2023,5,31,177.33,177.25,179.35,176.76
2023,5,30,176.96,177.3,178.99,176.57
2023,5,26,173.32,175.43,175.77,173.11
2023,5,25,172.41,172.99,173.9,171.69
2023,5,24,171.09,171.84,172.42,170.52
2023,5,23,173.13,171.56,173.38,171.28
2023,5,22,173.98,174.2,174.71,173.45
2023,5,19,176.39,175.16,176.39,174.94
2023,5,18,173.0,175.05,175.24,172.58
2023,5,17,171.71,172.69,172.93,170.42
2023,5,16,171.99,172.07,173.14,171.8
2023,5,15,173.16,172.07,173.21,171.47
2023,5,12,173.62,172.57,174.06,171.0
2023,5,11,173.85,173.75,174.59,172.17
2023,5,10,173.02,173.56,174.03,171.9
2023,5,9,173.05,171.77,173.54,171.6
2023,5,8,172.48,173.5,173.85,172.11
2023,5,5,170.98,173.57,174.3,170.76
2023,5,4,164.89,165.79,167.04,164.31
2023,5,3,169.5,167.45,170.92,167.16
2023,5,2,170.09,168.54,170.35,167.54
2023,5,1,169.28,169.59,170.45,168.64
2023,4,28,168.49,169.68,169.85,167.88
2023,4,27,165.19,168.41,168.56,165.19
2023,4,26,163.06,163.76,165.28,162.8
2023,4,25,165.19,163.77,166.31,163.73
2023,4,24,165.0,165.33,165.6,163.89
2023,4,21,165.05,165.02,166.45,164.49
2023,4,20,166.09,166.65,167.87,165.56
2023,4,19,165.8,167.63,168.16,165.54
2023,4,18,166.1,166.47,167.41,165.65
2023,4,17,165.09,165.23,165.39,164.03
2023,4,14,164.59,165.21,166.32,163.82
2023,4,13,161.63,165.56,165.8,161.42
2023,4,12,161.22,160.1,162.06,159.78
2023,4,11,162.35,160.8,162.36,160.51
2023,4,10,161.42,162.03,162.03,160.08
2023,4,6,162.43,164.66,164.96,162.0
2023,4,5,164.74,163.76,165.05,161.8
2023,4,4,166.6,165.63,166.84,165.11
2023,4,3,164.27,166.17,166.29,164.22
2023,3,31,162.44,164.9,165.0,161.91
2023,3,30,161.53,162.36,162.47,161.27
2023,3,29,159.37,160.77,161.05,159.35
2023,3,28,157.97,157.65,158.49,155.98
2023,3,27,159.94,158.28,160.77,157.87
2023,3,24,158.86,160.25,160.34,157.85
2023,3,23,158.83,158.93,161.55,157.68
2023,3,22,159.3,157.83,162.14,157.81
2023,3,21,157.32,159.28,159.4,156.54
2023,3,20,155.07,157.4,157.82,154.15
2023,3,17,156.08,155.0,156.74,154.28
2023,3,16,152.16,155.85,156.46,151.64
2023,3,15,151.19,152.99,153.25,149.92
2023,3,14,151.28,152.59,153.4,150.1
2023,3,13,147.81,150.47,153.14,147.7
2023,3,10,150.21,148.5,150.94,147.61
2023,3,9,153.56,150.59,154.54,150.23
2023,3,8,152.81,152.87,153.47,151.83
2023,3,7,153.7,151.6,154.03,151.13
2023,3,6,153.79,153.83,156.3,153.46
2023,3,3,148.05,151.03,151.11,147.33
2023,3,2,144.38,145.91,146.71,143.9
2023,3,1,146.83,145.31,147.23,145.01
2023,2,28,147.05,147.41,149.08,146.83
2023,2,27,147.71,147.92,149.17,147.45
2023,2,24,147.11,146.71,147.19,145.72
2023,2,23,150.09,149.4,150.34,147.24
2023,2,22,148.87,148.91,149.95,147.16
2023,2,21,150.2,148.48,151.3,148.41
2023,2,17,152.35,152.55,153.0,150.85
2023,2,16,153.51,153.71,156.33,153.35
2023,2,15,153.11,155.33,155.5,152.88
2023,2,14,152.12,153.2,153.77,150.86
2023,2,13,150.95,153.85,154.26,150.92
2023,2,10,149.46,151.01,151.34,149.22
2023,2,9,153.78,150.87,154.33,150.42
2023,2,8,153.88,151.92,154.58,151.17
2023,2,7,150.64,154.65,155.23,150.64
2023,2,6,152.58,151.73,153.1,150.78
2023,2,3,148.03,154.5,157.38,147.83
2023,2,2,148.9,150.82,151.18,148.17
2023,2,1,143.97,145.43,146.61,141.32
2023,1,31,142.7,144.29,144.34,142.28
2023,1,30,144.96,143.0,145.55,142.85
2023,1,27,143.16,145.93,147.23,143.08
2023,1,26,143.17,143.96,144.25,141.9
2023,1,25,140.89,141.86,142.43,138.81
2023,1,24,140.31,142.53,143.16,140.3
2023,1,23,138.12,141.11,143.32,137.9
2023,1,20,135.28,137.87,138.02,134.22
2023,1,19,134.08,135.27,136.25,133.77
2023,1,18,136.82,135.21,138.61,135.03
2023,1,17,134.83,135.94,137.29,134.13
2023,1,13,132.03,134.76,134.92,131.66
2023,1,12,133.88,133.41,134.26,131.44
2023,1,11,131.25,133.49,133.51,130.46
2023,1,10,130.26,130.73,131.26,128.12
2023,1,9,130.47,130.15,133.41,129.89
2023,1,6,126.01,129.62,130.29,124.89
2023,1,5,127.13,125.02,127.77,124.76
2023,1,4,126.89,126.36,128.66,125.08
2023,1,3,130.28,125.07,130.9,124.17
2022,12,30,128.41,129.93,129.95,127.43
2022,12,29,127.99,129.61,130.48,127.73
2022,12,28,129.67,126.04,131.03,125.87
2022,12,27,131.38,130.03,131.41,128.72
2022,12,23,130.92,131.86,132.42,129.64
2022,12,22,134.35,132.23,134.56,130.3
2022,12,21,132.98,135.45,136.81,132.75
2022,12,20,131.39,132.3,133.25,129.89
2022,12,19,135.11,132.37,135.2,131.32
2022,12,16,136.69,134.51,137.65,133.73
2022,12,15,141.11,136.5,141.8,136.03
2022,12,14,145.35,143.21,146.66,141.16
2022,12,13,149.5,145.47,149.97,144.24
2022,12,12,142.7,144.49,144.5,141.06
2022,12,9,142.34,142.16,145.57,140.9
2022,12,8,142.36,142.65,143.52,141.1
2022,12,7,142.19,140.94,143.37,140.0
2022,12,6,147.08,142.91,147.3,141.92
2022,12,5,147.77,146.63,150.92,145.77
2022,12,2,145.96,147.81,148.0,145.65
2022,12,1,148.21,148.31,149.13,146.61
2022,11,30,141.4,148.03,148.72,140.55
2022,11,29,144.29,141.17,144.81,140.36
2022,11,28,145.14,144.22,146.64,143.38
2022,11,25,148.31,148.11,148.88,147.12
2022,11,23,149.45,151.07,151.83,149.34
2022,11,22,148.13,150.18,150.42,146.93
2022,11,21,150.16,148.01,150.37,147.72
2022,11,18,152.31,151.29,152.7,149.97
2022,11,17,146.43,150.72,151.48,146.15
2022,11,16,149.13,148.79,149.87,147.29
2022,11,15,152.22,150.04,153.59,148.56
2022,11,14,148.97,148.28,150.28,147.43
2022,11,11,145.82,149.7,150.01,144.37
2022,11,10,141.24,146.87,146.87,139.5
2022,11,9,138.5,134.87,138.55,134.59
2022,11,8,140.41,139.5,141.43,137.49
2022,11,7,137.11,138.92,139.15,135.67
2022,11,4,142.09,138.38,142.67,134.38
2022,11,3,142.06,138.88,142.8,138.75
2022,11,2,148.95,145.03,152.17,145.0
2022,11,1,155.08,150.65,155.45,149.13
2022,10,31,153.16,153.34,154.24,151.92
2022,10,28,148.2,155.74,157.5,147.82
2022,10,27,148.07,144.8,149.05,144.13
2022,10,26,150.96,149.35,151.99,148.04
2022,10,25,150.09,152.34,152.49,149.36
2022,10,24,147.19,149.45,150.23,146.0
2022,10,21,142.87,147.27,147.85,142.65
2022,10,20,143.02,143.39,145.89,142.65
2022,10,19,141.69,143.86,144.95,141.5
2022,10,18,145.49,143.75,146.7,140.61
2022,10,17,141.07,142.41,142.9,140.27
2022,10,14,144.31,138.38,144.52,138.19
2022,10,13,134.99,142.99,143.59,134.37
2022,10,12,139.13,138.34,140.36,138.16
2022,10,11,139.9,138.98,141.35,138.22
2022,10,10,140.42,140.42,141.89,138.57
2022,10,7,142.54,140.09,143.1,139.45
2022,10,6,145.81,145.43,147.54,145.22
2022,10,5,144.08,146.4,147.38,143.01
2022,10,4,145.03,146.1,146.22,144.26
2022,10,3,138.21,142.45,143.07,137.69
2022,9,30,141.28,138.2,143.1,138.0
2022,9,29,146.1,142.48,146.72,140.68
2022,9,28,147.64,149.84,150.64,144.84
2022,9,27,152.74,151.76,154.72,149.95
2022,9,26,149.66,150.77,153.77,149.64
2022,9,23,151.19,150.43,151.47,148.56
2022,9,22,152.38,152.74,154.47,150.91
2022,9,21,157.34,153.72,158.74,153.6
2022,9,20,153.4,156.9,158.08,153.08
2022,9,19,149.31,154.48,154.56,149.1
2022,9,16,151.21,150.7,151.35,148.37
2022,9,15,154.65,152.37,155.24,151.38
2022,9,14,154.79,155.31,157.1,153.61
2022,9,13,159.9,153.84,160.54,153.37
2022,9,12,159.59,163.43,164.26,159.3
2022,9,9,155.47,157.37,157.82,154.75
2022,9,8,154.64,154.46,156.36,152.68
2022,9,7,154.83,155.96,156.67,153.61
2022,9,6,156.47,154.53,157.09,153.69
2022,9,2,159.75,155.81,160.36,154.97
2022,9,1,156.64,157.96,158.42,154.67
2022,8,31,160.31,157.22,160.58,157.14
2022,8,30,162.13,158.91,162.56,157.72
2022,8,29,161.15,161.38,162.9,159.82
2022,8,26,170.57,163.62,171.05,163.56
2022,8,25,168.78,170.03,170.14,168.35
2022,8,24,167.32,167.53,168.11,166.25
2022,8,23,167.08,167.23,168.71,166.65
2022,8,22,169.69,167.57,169.86,167.14
2022,8,19,173.03,171.52,173.74,171.31
2022,8,18,173.75,174.15,174.9,173.12
2022,8,17,172.77,174.55,176.15,172.57
2022,8,16,172.78,173.03,173.71,171.66
2022,8,15,171.52,173.19,173.39,171.35
2022,8,12,169.82,172.1,172.17,169.4
2022,8,11,170.06,168.49,170.99,168.19
2022,8,10,167.68,169.24,169.34,166.9
2022,8,9,164.02,164.92,165.82,163.25
2022,8,8,166.37,164.87,167.81,164.2
2022,8,5,163.21,165.35,165.85,163.0
2022,8,4,166.01,165.81,167.19,164.43
2022,8,3,160.84,166.13,166.59,160.75
2022,8,2,160.1,160.01,162.41,159.63
2022,8,1,161.01,161.51,163.59,160.89
2022,7,29,161.24,162.51,163.63,159.5
2022,7,28,156.98,157.35,157.64,154.41
2022,7,27,152.58,156.79,157.33,152.16
2022,7,26,152.27,151.6,153.09,150.8
2022,7,25,154.01,152.95,155.04,152.28
2022,7,22,155.39,154.09,156.28,153.41
2022,7,21,154.5,155.35,155.57,151.94
2022,7,20,151.12,153.04,153.72,150.37
2022,7,19,147.92,151.0,151.23,146.91
2022,7,18,150.74,147.07,151.57,146.7
2022,7,15,149.78,150.17,150.86,148.2
2022,7,14,144.08,148.47,148.95,143.25
2022,7,13,142.99,145.49,146.45,142.12
2022,7,12,145.76,145.86,148.45,145.05
2022,7,11,145.67,144.87,146.64,143.78
2022,7,8,145.27,147.04,147.55,145.0
2022,7,7,143.29,146.35,146.55,143.28
2022,7,6,141.36,142.92,144.12,141.08
2022,7,5,137.77,141.56,141.61,136.93
2022,7,1,136.04,138.93,139.04,135.66
2022,6,30,137.25,136.72,138.37,133.77
2022,6,29,137.46,139.23,140.67,136.67
2022,6,28,142.13,137.44,143.42,137.33
2022,6,27,142.7,141.66,143.49,140.97
2022,6,24,139.9,141.66,141.91,139.77
2022,6,23,136.82,138.27,138.59,135.63
2022,6,22,134.79,135.35,137.76,133.91
2022,6,21,133.42,135.87,137.06,133.32
2022,6,17,130.07,131.56,133.08,129.81
2022,6,16,132.08,130.06,132.39,129.04
2022,6,15,134.29,135.43,137.34,132.16
2022,6,14,133.13,132.76,133.89,131.48
2022,6,13,132.87,131.88,135.2,131.44
2022,6,10,140.28,137.13,140.76,137.06
2022,6,9,147.08,142.64,147.95,142.53
2022,6,8,148.58,147.96,149.87,147.46
2022,6,7,144.35,148.71,149.0,144.1
2022,6,6,147.03,146.14,148.57,144.9
2022,6,3,146.9,145.38,147.97,144.46
2022,6,2,147.83,151.21,151.27,146.86
2022,6,1,149.9,148.71,151.74,147.68
2022,5,31,149.07,148.84,150.66,146.84
2022,5,27,145.39,149.64,149.68,145.26
2022,5,26,137.39,143.78,144.34,137.14
2022,5,25,138.43,140.52,141.79,138.34
2022,5,24,140.81,140.36,141.97,137.33
2022,5,23,137.79,143.11,143.26,137.65
2022,5,20,139.09,137.59,140.7,132.61
2022,5,19,139.88,137.35,141.66,136.6
2022,5,18,146.85,140.82,147.36,139.9
2022,5,17,148.86,149.24,149.77,146.68
2022,5,16,145.55,145.54,147.52,144.18
2022,5,13,144.59,147.11,148.11,143.11
2022,5,12,142.77,142.56,146.2,138.8
2022,5,11,153.5,146.5,155.45,145.81
2022,5,10,155.52,154.51,156.74,152.93
2022,5,9,154.93,152.06,155.83,151.49
2022,5,6,156.01,157.28,159.44,154.18
2022,5,5,163.85,156.77,164.08,154.95
2022,5,4,159.67,166.02,166.48,159.26
2022,5,3,158.15,159.48,160.71,156.32
2022,5,2,156.71,157.96,158.23,153.27
2022,4,29,161.84,157.65,166.2,157.25
2022,4,28,159.25,163.64,164.52,158.93
2022,4,27,155.91,156.57,159.79,155.38
2022,4,26,162.25,156.8,162.34,156.72
2022,4,25,161.12,162.88,163.17,158.46
2022,4,22,166.46,161.79,167.87,161.5
2022,4,21,168.91,166.42,171.53,165.91
2022,4,20,168.76,167.23,168.88,166.1
2022,4,19,165.02,167.4,167.82,163.91
2022,4,18,163.92,165.07,166.6,163.57
2022,4,14,170.62,165.29,171.27,165.04
2022,4,13,167.39,170.4,171.04,166.77
2022,4,12,168.02,167.66,169.87,166.64
2022,4,11,168.71,165.75,169.03,165.5
2022,4,8,171.78,170.09,171.78,169.2
2022,4,7,171.16,172.14,173.36,169.85
2022,4,6,172.36,171.83,173.63,170.13
2022,4,5,177.5,175.06,178.3,174.42
2022,4,4,174.57,178.44,178.49,174.44
2022,4,1,174.03,174.31,174.88,171.94
2022,3,31,177.84,174.61,178.03,174.4
2022,3,30,178.55,177.77,179.61,176.7
2022,3,29,176.69,178.96,179.01,176.34
2022,3,28,172.17,175.6,175.73,172.0
2022,3,25,173.88,174.72,175.28,172.75
2022,3,24,171.06,174.07,174.14,170.21
2022,3,23,167.99,170.21,172.64,167.65
2022,3,22,165.51,168.82,169.42,164.91
2022,3,21,163.51,165.38,166.35,163.02
2022,3,18,160.51,163.98,164.48,159.76
2022,3,17,158.61,160.62,161.0,157.63
2022,3,16,157.05,159.59,160.0,154.46
2022,3,15,150.9,155.09,155.57,150.38
2022,3,14,151.45,150.62,154.12,150.1
2022,3,11,158.93,154.73,159.28,154.5
2022,3,10,160.2,158.52,160.39,155.98
2022,3,9,161.48,162.95,163.41,159.41
2022,3,8,158.82,157.44,162.88,155.8
2022,3,7,163.36,159.3,165.02,159.04
2022,3,4,164.49,163.17,165.55,162.1
2022,3,3,168.47,166.23,168.91,165.55
2022,3,2,164.39,166.56,167.36,162.95
2022,3,1,164.7,163.2,166.6,161.97
2022,2,28,163.06,165.12,165.42,162.43
2022,2,25,163.84,164.85,165.12,160.87
2022,2,24,152.58,162.74,162.85,152.0
2022,2,23,165.54,160.07,166.15,159.75
2022,2,22,164.98,164.32,166.69,162.15
2022,2,18,169.82,167.3,170.54,166.19
2022,2,17,171.03,168.88,171.91,168.47
2022,2,16,171.85,172.55,173.34,170.05
2022,2,15,170.97,172.79,172.95,170.25
2022,2,14,167.37,168.88,169.58,166.56
2022,2,11,172.33,168.64,173.08,168.04
2022,2,10,174.14,172.12,175.48,171.55
2022,2,9,176.05,176.28,176.65,174.9
2022,2,8,171.73,174.83,175.35,171.43
2022,2,7,172.86,171.66,173.95,170.95
2022,2,4,171.68,172.39,174.1,170.68
2022,2,3,174.48,172.9,176.24,172.12
2022,2,2,174.75,175.84,175.88,173.33
2022,2,1,174.01,174.61,174.84,172.31
2022,1,31,170.16,174.78,175.0,169.51
2022,1,28,165.71,170.33,170.35,162.8
2022,1,27,162.45,159.22,163.84,158.28
2022,1,26,163.5,159.69,164.39,157.82
2022,1,25,158.98,159.78,162.76,157.02
2022,1,24,160.02,161.62,162.3,154.7
2022,1,21,164.42,162.41,166.33,162.3
2022,1,20,166.98,164.51,169.68,164.18
2022,1,19,170.0,166.23,171.08,165.94
2022,1,18,171.51,169.8,172.54,169.41
2022,1,14,171.34,173.07,173.78,171.09
2022,1,13,175.78,172.19,176.62,171.79
2022,1,12,176.12,175.53,177.18,174.82
2022,1,11,172.32,175.08,175.18,170.82
2022,1,10,169.08,172.19,172.5,168.17
2022,1,7,172.89,172.17,174.14,171.03
2022,1,6,172.7,172.0,175.3,171.64
2022,1,5,179.61,174.92,180.17,174.64
2022,1,4,182.63,179.7,182.94,179.12
2022,1,3,177.83,182.01,182.88,177.71
2021,12,31,178.09,177.57,179.23,177.26
2021,12,30,179.47,178.2,180.57,178.09
2021,12,29,179.33,179.38,180.63,178.14
2021,12,28,180.16,179.29,181.33,178.53
2021,12,27,177.09,180.33,180.42,177.07
2021,12,23,175.85,176.28,176.85,175.27
2021,12,22,173.04,175.64,175.86,172.15
2021,12,21,171.56,172.99,173.2,169.12
2021,12,20,168.28,169.75,170.58,167.46
2021,12,17,169.93,171.14,173.47,169.69
2021,12,16,179.28,172.26,181.14,170.75
2021,12,15,175.11,179.3,179.5,172.31
2021,12,14,175.25,174.33,177.74,172.21
2021,12,13,181.12,175.74,182.13,175.53
2021,12,10,175.21,179.45,179.63,174.69
2021,12,9,174.91,174.56,176.75,173.92
2021,12,8,172.13,175.08,175.96,170.7
2021,12,7,169.08,171.18,171.58,168.34
2021,12,6,164.29,165.32,167.88,164.28
2021,12,3,164.02,161.84,164.96,159.72
2021,12,2,158.74,163.76,164.2,157.8
2021,12,1,167.48,164.77,170.3,164.53
2021,11,30,159.99,165.3,165.52,159.92
2021,11,29,159.37,160.24,161.19,158.79
2021,11,26,159.57,156.81,160.45,156.36
2021,11,24,160.75,161.94,162.14,159.64
2021,11,23,161.12,161.41,161.8,159.06
2021,11,22,161.68,161.02,165.7,161.0
2021,11,19,157.65,160.55,161.02,156.53
2021,11,18,153.71,157.87,158.67,153.05
2021,11,17,151.0,153.49,155.0,150.99
2021,11,16,149.94,151.0,151.49,149.34
2021,11,15,150.37,150.0,151.88,149.43
2021,11,12,148.43,149.99,150.4,147.48
2021,11,11,148.96,147.87,149.43,147.68
2021,11,10,150.02,147.92,150.13,147.85
2021,11,9,150.2,150.81,151.43,150.06
2021,11,8,151.41,150.44,151.57,150.16
2021,11,5,151.89,151.28,152.2,150.06
2021,11,4,151.58,150.96,152.43,150.64
2021,11,3,150.39,151.49,151.97,149.82
2021,11,2,148.66,150.02,151.57,148.65
2021,11,1,148.99,148.96,149.7,147.8
2021,10,29,147.22,149.8,149.94,146.41
2021,10,28,149.82,152.57,153.17,149.72
2021,10,27,149.36,148.85,149.73,148.49
2021,10,26,149.33,149.32,150.84,149.01
2021,10,25,148.68,148.64,149.37,147.62
2021,10,22,149.69,148.69,150.18,148.64
2021,10,21,148.81,149.48,149.64,147.87
2021,10,20,148.7,149.26,149.75,148.12
2021,10,19,147.01,148.76,149.17,146.55
2021,10,18,143.45,146.55,146.84,143.16
2021,10,15,143.77,144.84,144.9,143.51
2021,10,14,142.11,143.76,143.88,141.51
2021,10,13,141.24,140.91,141.4,139.2
2021,10,12,143.23,141.51,143.25,141.04
2021,10,11,142.27,142.81,144.81,141.81
2021,10,8,144.03,142.9,144.18,142.56
2021,10,7,143.06,143.29,144.22,142.72
2021,10,6,139.47,142.0,142.15,138.37
2021,10,5,139.49,141.11,142.24,139.36
2021,10,4,141.76,139.14,142.21,138.27
2021,10,1,141.9,142.65,142.92,139.11
2021,9,30,143.66,141.5,144.38,141.28
2021,9,29,142.47,142.83,144.45,142.03
2021,9,28,143.25,141.91,144.75,141.69
2021,9,27,145.47,145.37,145.96,143.82
2021,9,24,145.66,146.92,147.47,145.56
2021,9,23,146.65,146.83,147.08,145.64
2021,9,22,144.45,145.85,146.43,143.7
2021,9,21,143.93,143.43,144.6,142.78
2021,9,20,143.8,142.94,144.84,141.27
2021,9,17,148.82,146.06,148.82,145.76
2021,9,16,148.44,148.79,148.97,147.22
2021,9,15,148.56,149.03,149.44,146.37
2021,9,14,150.35,148.12,151.07,146.91
2021,9,13,150.63,149.55,151.42,148.75
2021,9,10,155.0,148.97,155.48,148.7
2021,9,9,155.49,154.07,156.11,153.95
2021,9,8,156.98,155.11,157.04,153.98
2021,9,7,154.97,156.69,157.26,154.39
2021,9,3,153.76,154.3,154.63,153.09
2021,9,2,153.87,153.65,154.72,152.4
2021,9,1,152.83,152.51,154.98,152.34
2021,8,31,152.66,151.83,152.8,151.29
2021,8,30,149.0,153.12,153.49,148.61
2021,8,27,147.48,148.6,148.75,146.83
2021,8,26,148.35,147.54,149.12,147.51
2021,8,25,149.81,148.36,150.32,147.8
2021,8,24,149.45,149.62,150.86,149.15
2021,8,23,148.31,149.71,150.19,147.89
2021,8,20,147.44,148.19,148.5,146.78
2021,8,19,145.03,146.7,148.0,144.5
2021,8,18,149.8,146.36,150.72,146.15
2021,8,17,150.23,150.19,151.68,149.09
2021,8,16,148.54,151.12,151.19,146.47
2021,8,13,148.97,149.1,149.44,148.27
2021,8,12,146.19,148.89,149.05,145.84
2021,8,11,146.05,145.86,146.72,145.53
2021,8,10,146.44,145.6,147.71,145.3
2021,8,9,146.2,146.09,146.7,145.52
2021,8,6,146.35,146.14,147.11,145.63
2021,8,5,146.98,147.06,147.84,146.17
2021,8,4,147.27,146.95,147.79,146.28
2021,8,3,145.81,147.36,148.05,145.18
2021,8,2,146.36,145.52,146.95,145.25
2021,7,30,144.38,145.86,146.33,144.11
2021,7,29,144.69,145.64,146.55,144.58
2021,7,28,144.81,144.98,146.97,142.54
2021,7,27,149.12,146.77,149.21,145.55
2021,7,26,148.27,148.99,149.83,147.7
2021,7,23,147.55,148.56,148.72,146.92
2021,7,22,145.94,146.8,148.2,145.81
2021,7,21,145.53,145.4,146.13,144.63
2021,7,20,143.46,146.15,147.1,142.96
2021,7,19,143.75,142.45,144.07,141.67
2021,7,16,148.46,146.39,149.76,145.88
2021,7,15,149.24,148.48,150.0,147.09
2021,7,14,148.1,149.15,149.57,147.68
2021,7,13,144.03,145.64,147.46,143.63
2021,7,12,146.21,144.5,146.32,144.0
2021,7,9,142.75,145.11,145.65,142.65
2021,7,8,141.58,143.24,144.06,140.67
2021,7,7,143.54,144.57,144.89,142.66
2021,7,6,140.07,142.02,143.15,140.07
2021,7,2,137.9,139.96,140.0,137.75
2021,7,1,136.6,137.27,137.33,135.76
2021,6,30,136.17,136.96,137.41,135.87
2021,6,29,134.8,136.33,136.49,134.35
2021,6,28,133.41,134.78,135.25,133.35
2021,6,25,133.46,133.11,133.89,132.81
2021,6,24,134.45,133.41,134.64,132.93
2021,6,23,133.77,133.7,134.32,133.23
2021,6,22,132.13,133.98,134.08,131.62
2021,6,21,130.3,132.3,132.41,129.21
2021,6,18,130.71,130.46,131.51,130.24
2021,6,17,129.8,131.79,132.55,129.65
2021,6,16,130.37,130.15,130.89,128.46
2021,6,15,129.94,129.64,130.6,129.39
2021,6,14,127.82,130.48,130.54,127.07
2021,6,11,126.53,127.35,127.44,126.1
2021,6,10,127.02,126.11,128.19,125.94
2021,6,9,127.21,127.13,127.75,126.52
2021,6,8,126.6,126.74,128.46,126.21
2021,6,7,126.17,125.9,126.32,124.83
2021,6,4,124.07,125.89,126.16,123.85
2021,6,3,124.68,123.54,124.85,123.13
2021,6,2,124.28,125.06,125.24,124.05
2021,6,1,125.08,124.28,125.35,123.94
2021,5,28,125.57,124.61,125.8,124.55
2021,5,27,126.44,125.28,127.64,125.08
2021,5,26,126.96,126.85,127.39,126.42
2021,5,25,127.82,126.9,128.32,126.32
2021,5,24,126.01,127.1,127.94,125.94
2021,5,21,127.82,125.43,128.0,125.21
2021,5,20,125.23,127.31,127.72,125.1
2021,5,19,123.16,124.69,124.92,122.86
2021,5,18,126.56,124.85,126.99,124.78
2021,5,17,126.82,126.27,126.93,125.17
2021,5,14,126.25,127.45,127.89,125.85
2021,5,13,124.58,124.97,126.15,124.26
2021,5,12,123.4,122.77,124.64,122.25
2021,5,11,123.5,125.91,126.27,122.77
2021,5,10,129.41,126.85,129.54,126.81
2021,5,7,130.85,130.21,131.26,129.48
2021,5,6,127.89,129.74,129.75,127.13
2021,5,5,129.2,128.1,130.45,127.97
2021,5,4,131.19,127.85,131.49,126.7
2021,5,3,132.04,132.54,134.07,131.83
2021,4,30,131.78,131.46,133.56,131.07
2021,4,29,136.47,133.48,137.07,132.45
2021,4,28,134.31,133.58,135.02,133.08
2021,4,27,135.01,134.39,135.41,134.11
2021,4,26,134.83,134.72,135.06,133.56
2021,4,23,132.16,134.32,135.12,132.16
2021,4,22,133.04,131.94,134.15,131.41
2021,4,21,132.36,133.5,133.75,131.3
2021,4,20,135.02,133.11,135.53,131.81
2021,4,19,133.51,134.84,135.47,133.34
2021,4,16,134.3,134.16,134.67,133.28
2021,4,15,133.82,134.5,135.0,133.64
2021,4,14,134.94,132.03,135.0,131.66
2021,4,13,132.44,134.43,134.66,131.93
2021,4,12,132.52,131.24,132.85,130.63
2021,4,9,129.8,133.0,133.04,129.47
2021,4,8,128.95,130.36,130.39,128.52
2021,4,7,125.83,127.9,127.92,125.14
2021,4,6,126.5,126.21,127.13,125.65
2021,4,5,123.87,125.9,126.16,123.07
2021,4,1,123.66,123.0,124.18,122.49
2021,3,31,121.65,122.15,123.52,121.15
2021,3,30,120.11,119.9,120.4,118.86
2021,3,29,121.65,121.39,122.58,120.73
2021,3,26,120.35,121.21,121.48,118.92
2021,3,25,119.54,120.59,121.66,119.0
2021,3,24,122.82,120.09,122.9,120.07
2021,3,23,123.33,122.54,124.24,122.14
2021,3,22,120.33,123.39,123.87,120.26
2021,3,19,119.9,119.99,121.43,119.68
2021,3,18,122.88,120.53,123.18,120.32
2021,3,17,124.05,124.76,125.86,122.34
2021,3,16,125.7,125.57,127.22,124.72
2021,3,15,121.41,123.99,124.0,120.42
2021,3,12,120.4,121.03,121.17,119.16
2021,3,11,122.54,121.96,123.21,121.26
2021,3,10,121.69,119.98,122.17,119.45
2021,3,9,119.03,121.09,122.06,118.79
2021,3,8,120.93,116.36,121.0,116.21
2021,3,5,120.98,121.42,121.94,117.57
2021,3,4,121.75,120.13,123.6,118.62
2021,3,3,124.81,122.06,125.71,121.84
2021,3,2,128.41,125.12,128.72,125.01
2021,3,1,123.75,127.79,127.93,122.79
2021,2,26,122.59,121.26,124.85,121.2
2021,2,25,124.68,120.99,126.46,120.54
2021,2,24,124.94,125.35,125.56,122.23
2021,2,23,123.76,125.86,126.71,118.39
2021,2,22,128.01,126.0,129.72,125.6
2021,2,19,130.24,129.87,130.71,128.8
2021,2,18,129.2,129.71,130.0,127.41
2021,2,17,131.25,130.84,132.22,129.47
2021,2,16,135.49,133.19,136.01,132.79
2021,2,12,134.35,135.37,135.53,133.69
2021,2,11,135.9,135.13,136.39,133.77
2021,2,10,136.48,135.39,136.99,134.4
2021,2,9,136.62,136.01,137.88,135.85
2021,2,8,136.03,136.91,136.96,134.92
2021,2,5,137.35,136.76,137.42,135.86
2021,2,4,136.3,137.39,137.4,134.59
2021,2,3,135.76,133.94,135.77,133.61
2021,2,2,135.73,134.99,136.31,134.61
2021,2,1,133.75,134.14,135.38,130.93
2021,1,29,135.83,131.96,136.74,130.21
2021,1,28,139.52,137.09,141.99,136.7
2021,1,27,143.43,142.06,144.3,140.41
2021,1,26,143.6,143.16,144.3,141.37
2021,1,25,143.07,142.92,145.09,136.54
2021,1,22,136.28,139.07,139.85,135.02
2021,1,21,133.8,136.87,139.67,133.59
2021,1,20,128.66,132.03,132.49,128.55
2021,1,19,127.78,127.83,128.71,126.94
2021,1,15,128.78,127.14,130.22,127.0
2021,1,14,130.8,128.91,131.0,128.76
2021,1,13,128.76,130.89,131.45,128.49
2021,1,12,128.5,128.8,129.69,126.86
2021,1,11,129.19,128.98,130.17,128.5
2021,1,8,132.43,132.05,132.63,130.23
2021,1,7,128.36,130.92,131.63,127.86
2021,1,6,127.72,126.6,131.05,126.38
2021,1,5,128.89,131.01,131.74,128.43
2021,1,4,133.52,129.41,133.61,126.76
2020,12,31,134.08,132.69,134.74,131.72
2020,12,30,135.58,133.72,135.99,133.4
2020,12,29,138.05,134.87,138.79,134.34
2020,12,28,133.99,136.69,137.34,133.51
2020,12,24,131.32,131.97,133.46,131.1
2020,12,23,132.16,130.96,132.43,130.78
2020,12,22,131.61,131.88,134.41,129.65
2020,12,21,125.02,128.23,128.31,123.45
2020,12,18,128.96,126.66,129.1,126.12
2020,12,17,128.9,128.7,129.58,128.05
2020,12,16,127.41,127.81,128.37,126.56
2020,12,15,124.34,127.88,127.9,124.13
2020,12,14,122.6,121.78,123.35,121.54
2020,12,11,122.43,122.41,122.76,120.55
2020,12,10,120.5,123.24,123.87,120.15
2020,12,9,124.53,121.78,125.95,121.0
2020,12,8,124.37,124.38,124.98,123.09
2020,12,7,122.31,123.75,124.57,122.25
2020,12,4,122.6,122.25,122.86,121.52
2020,12,3,123.52,122.94,123.78,122.21
2020,12,2,122.02,123.08,123.37,120.89
2020,12,1,121.01,122.72,123.47,120.01
2020,11,30,116.97,119.05,120.97,116.81
2020,11,27,116.57,116.59,117.49,116.22
2020,11,25,115.55,116.03,116.75,115.17
2020,11,24,113.91,115.17,115.85,112.59
2020,11,23,117.18,113.85,117.62,113.75
2020,11,20,118.64,117.34,118.77,117.29
2020,11,19,117.59,118.64,119.06,116.81
2020,11,18,118.61,118.03,119.82,118.0
2020,11,17,119.55,119.39,120.67,118.96
2020,11,16,118.92,120.3,120.99,118.15
2020,11,13,119.44,119.26,119.67,117.87
2020,11,12,119.62,119.21,120.53,118.57
2020,11,11,117.19,119.49,119.63,116.44
2020,11,10,115.55,115.97,117.59,114.13
2020,11,9,120.5,116.32,121.99,116.05
2020,11,6,118.32,118.69,119.2,116.13
2020,11,5,117.95,119.03,119.62,116.87
2020,11,4,114.14,114.95,115.59,112.35
2020,11,3,109.66,110.44,111.49,108.73
2020,11,2,109.11,108.77,110.68,107.32
2020,10,30,111.06,108.86,111.99,107.72
2020,10,29,112.37,115.32,116.93,112.2
2020,10,28,115.05,111.2,115.43,111.1
2020,10,27,115.49,116.6,117.28,114.54
2020,10,26,114.01,115.05,116.55,112.88
2020,10,23,116.39,115.04,116.55,114.28
2020,10,22,117.45,115.75,118.04,114.59
2020,10,21,116.67,116.87,118.71,116.45
2020,10,20,116.2,117.51,118.98,115.63
2020,10,19,119.96,115.98,120.42,115.66
2020,10,16,121.28,119.02,121.55,118.81
2020,10,15,118.72,120.71,121.2,118.15
2020,10,14,121.0,121.19,123.03,119.62
2020,10,13,125.27,121.1,125.39,119.65
2020,10,12,120.06,124.4,125.18,119.28
2020,10,9,115.28,116.97,117.0,114.92
2020,10,8,116.25,114.97,116.4,114.59
2020,10,7,114.62,115.08,115.55,114.13
2020,10,6,115.7,113.16,116.12,112.25
2020,10,5,113.91,116.5,116.65,113.55
2020,10,2,112.89,113.02,115.37,112.22
2020,10,1,117.64,116.79,117.72,115.83
2020,9,30,113.79,115.81,117.26,113.62
2020,9,29,114.55,114.09,115.31,113.57
2020,9,28,115.01,114.96,115.32,112.78
2020,9,25,108.43,112.28,112.44,107.67
2020,9,24,105.17,108.22,110.25,105.0
2020,9,23,111.62,107.12,112.11,106.77
2020,9,22,112.68,111.81,112.86,109.16
2020,9,21,104.54,110.08,110.19,103.1
2020,9,18,110.4,106.84,110.88,106.09
2020,9,17,109.72,110.34,112.2,108.71
2020,9,16,115.23,112.13,116.0,112.04
2020,9,15,118.33,115.54,118.83,113.61
2020,9,14,114.72,115.36,115.93,112.8
2020,9,11,114.57,112.0,115.23,110.0
2020,9,10,120.36,113.49,120.5,112.5
2020,9,9,117.26,117.32,119.14,115.26
2020,9,8,113.95,112.82,118.99,112.68
2020,9,4,120.07,120.96,123.7,110.89
2020,9,3,126.91,120.88,128.84,120.5
2020,9,2,137.59,131.4,137.98,127.0
2020,9,1,132.76,134.18,134.8,130.53
2020,8,31,127.58,129.04,131.0,126.0
2020,8,28,126.01,124.81,126.44,124.58
2020,8,27,127.14,125.01,127.49,123.83
2020,8,26,126.18,126.52,126.99,125.08
2020,8,25,124.7,124.83,125.18,123.05
2020,8,24,128.7,125.86,128.79,123.94
2020,8,21,119.26,124.37,124.87,119.25
2020,8,20,115.75,118.28,118.39,115.73
2020,8,19,115.98,115.71,117.16,115.61
2020,8,18,114.35,115.56,116.0,114.01
2020,8,17,116.06,114.61,116.09,113.96
2020,8,14,114.83,114.91,115.0,113.05
2020,8,13,114.43,115.01,116.04,113.93
2020,8,12,110.5,113.01,113.28,110.3
2020,8,11,111.97,109.38,112.48,109.11
2020,8,10,112.6,112.73,113.78,110.0
2020,8,7,113.21,111.11,113.68,110.29
2020,8,6,110.41,113.9,114.41,109.8
2020,8,5,109.38,110.06,110.39,108.9
2020,8,4,109.13,109.67,110.79,108.39
2020,8,3,108.2,108.94,111.64,107.89
2020,7,31,102.88,106.26,106.42,100.83
2020,7,30,94.19,96.19,96.3,93.77
2020,7,29,93.75,95.04,95.23,93.71
2020,7,28,94.37,93.25,94.55,93.25
2020,7,27,93.71,94.81,94.91,93.48
2020,7,24,90.99,92.62,92.97,89.15
2020,7,23,97.0,92.85,97.08,92.01
2020,7,22,96.69,97.27,97.98,96.6
2020,7,21,99.17,97.0,99.25,96.74
2020,7,20,96.42,98.36,98.5,96.06
2020,7,17,96.99,96.33,97.15,95.84
2020,7,16,96.56,96.52,97.41,95.91
2020,7,15,98.99,97.73,99.25,96.49
2020,7,14,94.84,97.06,97.26,93.88
2020,7,13,97.27,95.48,99.96,95.26
2020,7,10,95.34,95.92,95.98,94.71
2020,7,9,96.26,95.68,96.32,94.67
2020,7,8,94.18,95.34,95.38,94.09
2020,7,7,93.85,93.17,94.66,93.06
2020,7,6,92.5,93.46,93.95,92.47
2020,7,2,91.96,91.03,92.62,90.91
2020,7,1,91.28,91.03,91.84,90.98
2020,6,30,90.02,91.2,91.5,90.0
2020,6,29,88.31,90.45,90.54,87.82
2020,6,26,91.1,88.41,91.33,88.26
2020,6,25,90.18,91.21,91.25,89.39
2020,6,24,91.25,90.02,92.2,89.63
2020,6,23,91.0,91.63,93.1,90.57
2020,6,22,87.84,89.72,89.87,87.79
2020,6,19,88.66,87.43,89.14,86.29
2020,6,18,87.85,87.93,88.36,87.31
2020,6,17,88.79,87.9,88.85,87.77
2020,6,16,87.87,88.02,88.3,86.18
2020,6,15,83.31,85.75,86.42,83.15
2020,6,12,86.18,84.7,86.95,83.56
2020,6,11,87.33,83.98,87.77,83.87
2020,6,10,86.98,88.21,88.69,86.52
2020,6,9,83.04,86.0,86.4,83.0
2020,6,8,82.56,83.37,83.4,81.83
2020,6,5,80.84,82.88,82.94,80.81
2020,6,4,81.1,80.58,81.41,80.2
2020,6,3,81.17,81.28,81.55,80.58
2020,6,2,80.19,80.84,80.86,79.73
2020,6,1,79.44,80.46,80.59,79.3
2020,5,29,79.81,79.49,80.29,79.12
2020,5,28,79.19,79.56,80.86,78.91
2020,5,27,79.04,79.53,79.68,78.27
2020,5,26,80.88,79.18,81.06,79.13
2020,5,22,78.94,79.72,79.81,78.84
2020,5,21,79.67,79.21,80.22,78.97
2020,5,20,79.17,79.81,79.88,79.05
2020,5,19,78.76,78.29,79.63,78.25
2020,5,18,78.29,78.74,79.13,77.58
2020,5,15,75.09,76.93,76.98,75.05
2020,5,14,76.13,77.39,77.45,75.38
2020,5,13,78.04,76.91,78.99,75.8
2020,5,12,79.46,77.85,79.92,77.73
2020,5,11,77.03,78.75,79.26,76.81
2020,5,8,76.41,77.53,77.59,76.07
2020,5,7,75.81,75.94,76.29,75.49
2020,5,6,75.12,75.16,75.81,74.72
2020,5,5,73.77,74.39,75.25,73.62
2020,5,4,72.29,73.29,73.42,71.58
2020,5,1,71.56,72.27,74.75,71.46
2020,4,30,72.49,73.45,73.63,72.09
2020,4,29,71.18,71.93,72.42,70.97
2020,4,28,71.27,69.65,71.46,69.55
2020,4,27,70.45,70.79,71.14,69.99
2020,4,24,69.3,70.74,70.75,69.25
2020,4,23,68.97,68.76,70.44,68.72
2020,4,22,68.4,69.03,69.48,68.05
2020,4,21,69.07,67.09,69.31,66.36
2020,4,20,69.49,69.23,70.42,69.21
2020,4,17,71.17,70.7,71.74,69.22
2020,4,16,71.85,71.67,72.05,70.59
2020,4,15,70.6,71.11,71.58,70.16
2020,4,14,70.0,71.76,72.06,69.51
2020,4,13,67.08,68.31,68.43,66.46
2020,4,9,67.18,67.0,67.52,66.18
2020,4,8,65.69,66.52,66.84,65.31
2020,4,7,67.7,64.86,67.93,64.75
2020,4,6,62.73,65.62,65.78,62.35
2020,4,3,60.7,60.35,61.43,59.74
2020,4,2,60.09,61.23,61.29,59.23
2020,4,1,61.63,60.23,62.18,59.78
2020,3,31,63.9,63.57,65.62,63.0
2020,3,30,62.69,63.7,63.88,62.35
2020,3,27,63.19,61.94,63.97,61.76
2020,3,26,61.63,64.61,64.67,61.59
2020,3,25,62.69,61.38,64.56,61.08
2020,3,24,59.09,61.72,61.92,58.58
2020,3,23,57.02,56.09,57.12,53.15
2020,3,20,61.8,57.31,62.96,57.0
2020,3,19,61.85,61.2,63.21,60.65
2020,3,18,59.94,61.67,62.5,59.28
2020,3,17,61.88,63.22,64.4,59.6
2020,3,16,60.49,60.55,64.77,60.0
2020,3,13,66.22,69.49,69.98,63.24
2020,3,12,63.99,62.06,67.5,62.0
2020,3,11,69.35,68.86,70.31,67.97
2020,3,10,69.29,71.34,71.61,67.34
2020,3,9,65.94,66.54,69.52,65.75
2020,3,6,70.5,72.26,72.71,70.31
2020,3,5,73.88,73.23,74.89,72.85
2020,3,4,74.11,75.69,75.85,73.28
2020,3,3,75.92,72.33,76.0,71.45
2020,3,2,70.57,74.7,75.36,69.43
2020,2,28,64.32,68.34,69.6,64.09
2020,2,27,70.28,68.38,71.5,68.24
2020,2,26,71.63,73.16,74.47,71.63
2020,2,25,75.24,72.02,75.63,71.53
2020,2,24,74.32,74.55,76.05,72.31
2020,2,21,79.66,78.26,80.11,77.63
2020,2,20,80.66,80.08,81.16,79.55
2020,2,19,80.0,80.91,81.14,80.0
2020,2,18,78.84,79.75,79.94,78.65
2020,2,14,81.19,81.24,81.5,80.71
2020,2,13,81.05,81.22,81.56,80.84
2020,2,12,80.37,81.8,81.81,80.37
2020,2,11,80.9,79.9,80.98,79.68
2020,2,10,78.55,80.39,80.39,78.46
2020,2,7,80.59,80.01,80.85,79.5
2020,2,6,80.64,81.3,81.31,80.07
2020,2,5,80.88,80.36,81.19,79.74
2020,2,4,78.83,79.71,79.91,78.41
2020,2,3,76.08,77.17,78.37,75.56
2020,1,31,80.23,77.38,80.67,77.07
2020,1,30,80.14,80.97,81.02,79.69
2020,1,29,81.11,81.09,81.96,80.35
2020,1,28,78.15,79.42,79.6,78.05
2020,1,27,77.52,77.24,77.94,76.22
2020,1,24,80.06,79.58,80.83,79.38
2020,1,23,79.48,79.81,79.89,78.91
2020,1,22,79.65,79.43,80.0,79.33
2020,1,21,79.3,79.14,79.76,79.0
2020,1,17,79.07,79.68,79.69,78.75
2020,1,16,78.4,78.81,78.93,78.02
2020,1,15,77.96,77.84,78.88,77.39
2020,1,14,79.18,78.17,79.39,78.04
2020,1,13,77.91,79.24,79.27,77.79
2020,1,10,77.65,77.58,78.17,77.06
2020,1,9,76.81,77.41,77.61,76.55
2020,1,8,74.29,75.8,76.11,74.29
2020,1,7,74.96,74.6,75.23,74.37
2020,1,6,73.45,74.95,74.99,73.19
2020,1,3,74.29,74.36,75.15,74.13
2020,1,2,74.06,75.09,75.15,73.8
2019,12,31,72.48,73.41,73.42,72.38
2019,12,30,72.37,72.88,73.17,71.31
2019,12,27,72.78,72.45,73.49,72.03
2019,12,26,71.21,72.48,72.5,71.18
2019,12,24,71.17,71.07,71.22,70.73
2019,12,23,70.13,71.0,71.06,70.09
2019,12,20,70.56,69.86,70.66,69.64
2019,12,19,69.88,70.01,70.3,69.74
2019,12,18,69.95,69.94,70.48,69.78
2019,12,17,69.89,70.1,70.44,69.7
2019,12,16,69.25,69.97,70.2,69.25
2019,12,13,67.87,68.79,68.83,67.73
2019,12,12,66.95,67.87,68.14,66.83
2019,12,11,67.2,67.69,67.78,67.13
2019,12,10,67.15,67.12,67.52,66.47
2019,12,9,67.5,66.73,67.7,66.23
2019,12,6,66.87,67.68,67.75,66.83
2019,12,5,65.95,66.4,66.47,65.68
2019,12,4,65.27,65.44,65.83,65.17
2019,12,3,64.58,64.86,64.88,64.07
2019,12,2,66.82,66.04,67.06,65.86
2019,11,29,66.65,66.81,67.0,66.48
2019,11,27,66.4,66.96,67.0,66.33
2019,11,26,66.74,66.07,66.79,65.63
2019,11,25,65.68,66.59,66.61,65.63
2019,11,22,65.65,65.45,65.8,65.21
2019,11,21,65.92,65.5,66.0,65.3
2019,11,20,66.39,65.8,66.52,65.1
2019,11,19,66.98,66.57,67.0,66.35
2019,11,18,66.45,66.78,66.86,66.06
2019,11,15,65.92,66.44,66.45,65.75
2019,11,14,65.94,65.66,66.22,65.53
2019,11,13,65.28,66.12,66.2,65.27
2019,11,12,65.39,65.49,65.7,65.23
2019,11,11,64.58,65.55,65.62,64.57
2019,11,8,64.67,65.04,65.11,64.21
2019,11,7,64.69,64.86,65.09,64.53
2019,11,6,64.19,64.31,64.37,63.84
2019,11,5,64.26,64.28,64.55,64.08
2019,11,4,64.33,64.38,64.46,63.85
2019,11,1,62.39,63.96,63.98,62.29
2019,10,31,61.81,62.19,62.29,59.32
2019,10,30,61.19,60.82,61.33,60.3
2019,10,29,62.24,60.82,62.44,60.64
2019,10,28,61.86,62.26,62.31,61.68
2019,10,25,60.79,61.65,61.68,60.72
2019,10,24,61.13,60.9,61.2,60.45
2019,10,23,60.53,60.8,60.81,60.31
2019,10,22,60.29,59.99,60.55,59.91
2019,10,21,59.38,60.13,60.25,59.33
2019,10,18,58.65,59.1,59.4,58.57
2019,10,17,58.77,58.82,59.04,58.38
2019,10,16,58.34,58.59,58.81,58.3
2019,10,15,59.1,58.83,59.41,58.72
2019,10,14,58.73,58.97,59.53,58.67
2019,10,11,58.24,59.05,59.41,58.08
2019,10,10,56.98,57.52,57.61,56.83
2019,10,9,56.76,56.76,56.95,56.41
2019,10,8,56.46,56.1,57.02,56.08
2019,10,7,56.57,56.77,57.48,56.46
2019,10,4,56.41,56.75,56.87,55.97
2019,10,3,54.61,55.21,55.24,53.78
2019,10,2,55.77,54.74,55.9,54.48
2019,10,1,56.27,56.15,57.06,56.05
2019,9,30,55.23,55.99,56.15,55.2
2019,9,27,55.14,54.71,55.24,54.32
2019,9,26,55.0,54.97,55.24,54.71
2019,9,25,54.64,55.26,55.38,54.29
2019,9,24,55.26,54.42,55.62,54.3
2019,9,23,54.74,54.68,54.96,54.41
2019,9,20,55.35,54.43,55.64,54.37
2019,9,19,55.5,55.24,55.94,55.09
2019,9,18,55.27,55.69,55.71,54.86
2019,9,17,54.99,55.18,55.21,54.78
2019,9,16,54.43,54.98,55.03,54.39
2019,9,13,55.0,54.69,55.2,54.26
2019,9,12,56.2,55.77,56.61,55.72
2019,9,11,54.52,55.9,55.93,54.43
2019,9,10,53.47,54.18,54.2,52.93
2019,9,9,53.71,53.54,54.11,52.77
2019,9,6,53.51,53.32,53.61,53.13
2019,9,5,53.0,53.32,53.49,52.88
2019,9,4,52.1,52.3,52.37,51.83
2019,9,3,51.61,51.43,51.75,51.06
2019,8,30,52.54,52.19,52.61,51.8
2019,8,29,52.13,52.25,52.33,51.66
2019,8,28,51.03,51.38,51.43,50.83
2019,8,27,51.97,51.04,52.14,50.88
2019,8,26,51.47,51.62,51.8,51.26
2019,8,23,52.36,50.66,53.01,50.25
2019,8,22,53.3,53.12,53.61,52.69
2019,8,21,53.25,53.16,53.41,52.9
2019,8,20,52.72,52.59,53.34,52.58
2019,8,19,52.66,52.59,53.18,52.51
2019,8,16,51.07,51.63,51.79,50.96
2019,8,15,50.87,50.44,51.29,49.92
2019,8,14,50.79,50.69,51.61,50.65
2019,8,13,50.26,52.24,53.04,50.21
2019,8,12,49.91,50.12,50.51,49.79
2019,8,9,50.33,50.25,50.69,49.82
2019,8,8,50.05,50.86,50.88,49.85
2019,8,7,48.85,49.76,49.89,48.46
2019,8,6,49.08,49.25,49.52,48.51
2019,8,5,49.5,48.34,49.66,48.15
2019,8,2,51.38,51.01,51.61,50.41
2019,8,1,53.48,52.11,54.51,51.69
2019,7,31,54.11,53.26,55.34,52.83
2019,7,30,52.19,52.2,52.54,51.83
2019,7,29,52.12,52.42,52.66,52.11
2019,7,26,51.87,51.94,52.43,51.79
2019,7,25,52.22,51.76,52.31,51.68
2019,7,24,51.92,52.17,52.29,51.79
2019,7,23,52.12,52.21,52.23,51.82
2019,7,22,50.91,51.81,51.81,50.9
2019,7,19,51.45,50.65,51.63,50.59
2019,7,18,51.0,51.42,51.47,50.93
2019,7,17,51.01,50.84,51.27,50.82
2019,7,16,51.15,51.13,51.53,50.88
2019,7,15,51.02,51.3,51.47,51.0
2019,7,12,50.61,50.83,51.0,50.55
2019,7,11,50.83,50.44,51.1,50.43
2019,7,10,50.46,50.81,50.93,50.39
2019,7,9,49.8,50.31,50.38,49.7
2019,7,8,50.2,50.01,50.35,49.6
2019,7,5,50.84,51.06,51.27,50.73
2019,7,3,50.82,51.1,51.11,50.67
2019,7,2,50.35,50.68,50.78,50.34
2019,7,1,50.79,50.39,51.12,50.16
2019,6,28,49.67,49.48,49.87,49.26
2019,6,27,50.07,49.94,50.39,49.89
2019,6,26,49.44,49.95,50.25,49.34
2019,6,25,49.61,48.89,49.82,48.82
2019,6,24,49.64,49.65,50.04,49.54
2019,6,21,49.7,49.7,50.21,49.54
2019,6,20,50.09,49.87,50.15,49.51
2019,6,19,49.92,49.47,49.97,49.33
2019,6,18,49.01,49.61,50.07,48.8
2019,6,17,48.23,48.47,48.74,48.04
2019,6,14,47.89,48.19,48.4,47.58
2019,6,13,48.68,48.54,49.2,48.4
2019,6,12,48.49,48.55,48.99,48.35
2019,6,11,48.72,48.7,49.0,48.4
2019,6,10,47.95,48.15,48.84,47.91
2019,6,7,46.63,47.54,47.98,46.44
2019,6,6,45.77,46.31,46.37,45.54
2019,6,5,46.07,45.64,46.25,45.29
2019,6,4,43.86,44.91,44.96,43.63
2019,6,3,43.9,43.33,44.48,42.57
2019,5,31,44.06,43.77,44.5,43.75
2019,5,30,44.49,44.58,44.81,44.17
2019,5,29,44.11,44.35,44.84,44.0
2019,5,28,44.73,44.56,45.15,44.48
2019,5,24,45.05,44.74,45.54,44.66
2019,5,23,44.95,44.92,45.14,44.45
2019,5,22,46.17,45.7,46.43,45.64
2019,5,21,46.31,46.65,47.0,46.18
2019,5,20,45.88,45.77,46.09,45.07
2019,5,17,46.73,47.25,47.73,46.69
2019,5,16,47.48,47.52,48.12,47.21
2019,5,15,46.57,47.73,47.94,46.51
2019,5,14,46.6,47.17,47.43,46.35
2019,5,13,46.93,46.43,47.37,45.71
2019,5,10,49.35,49.3,49.71,48.19
2019,5,9,50.1,50.18,50.42,49.17
2019,5,8,50.48,50.73,51.34,50.44
2019,5,7,51.47,50.72,51.85,50.21
2019,5,6,51.07,52.12,52.21,50.88
2019,5,3,52.72,52.94,52.96,52.56
2019,5,2,52.46,52.29,53.16,52.03
2019,5,1,52.47,52.63,53.83,52.31
2019,4,30,50.77,50.17,50.85,49.78
2019,4,29,51.1,51.15,51.49,50.97
2019,4,26,51.23,51.08,51.25,50.53
2019,4,25,51.71,51.32,51.94,51.28
2019,4,24,51.84,51.79,52.12,51.76
2019,4,23,51.11,51.87,51.94,50.98
2019,4,22,50.71,51.13,51.24,50.59
2019,4,18,50.78,50.97,51.04,50.63
2019,4,17,49.89,50.78,50.85,49.65
2019,4,16,49.87,49.81,50.34,49.64
2019,4,15,49.65,49.81,49.96,49.5
2019,4,12,49.8,49.72,50.04,49.05
2019,4,11,50.21,49.74,50.25,49.61
2019,4,10,49.67,50.16,50.19,49.55
2019,4,9,50.08,49.88,50.71,49.81
2019,4,8,49.11,50.03,50.06,49.09
2019,4,5,49.11,49.25,49.28,48.98
2019,4,4,48.7,48.92,49.09,48.29
2019,4,3,48.31,48.84,49.13,48.29
2019,4,2,47.77,48.51,48.62,47.76
2019,4,1,47.91,47.81,47.92,47.1
2019,3,29,47.46,47.49,47.52,47.14
2019,3,28,47.24,47.18,47.39,46.88
2019,3,27,47.19,47.12,47.44,46.64
2019,3,26,47.92,46.7,48.22,46.15
2019,3,25,47.88,47.19,48.0,46.65
2019,3,22,48.84,47.76,49.42,47.7
2019,3,21,47.51,48.77,49.08,47.45
2019,3,20,46.56,47.04,47.37,46.18
2019,3,19,47.09,46.63,47.25,46.48
2019,3,18,46.45,47.01,47.1,46.45
2019,3,15,46.21,46.53,46.83,45.94
2019,3,14,45.98,45.93,46.03,45.64
2019,3,13,45.56,45.43,45.83,45.23
2019,3,12,45.0,45.23,45.67,44.84
2019,3,11,43.87,44.73,44.78,43.84
2019,3,8,42.58,43.23,43.27,42.38
2019,3,7,43.47,43.13,43.61,43.01
2019,3,6,43.67,43.63,43.87,43.49
2019,3,5,43.99,43.88,44.0,43.64
2019,3,4,43.92,43.96,44.44,43.49
2019,3,1,43.57,43.74,43.79,43.22
2019,2,28,43.58,43.29,43.73,43.23
2019,2,27,43.3,43.72,43.75,43.18
2019,2,26,43.43,43.58,43.83,43.29
2019,2,25,43.54,43.56,43.97,43.49
2019,2,22,42.9,43.24,43.25,42.85
2019,2,21,42.95,42.77,43.09,42.58
2019,2,20,42.8,43.01,43.33,42.75
2019,2,19,42.43,42.73,42.86,42.37
2019,2,15,42.81,42.61,42.93,42.44
2019,2,14,42.43,42.7,42.82,42.35
2019,2,13,42.85,42.55,43.12,42.48
2019,2,12,42.53,42.72,42.75,42.43
2019,2,11,42.76,42.36,42.8,42.31
2019,2,8,42.25,42.6,42.67,42.11
2019,2,7,43.1,42.74,43.49,42.59
2019,2,6,43.66,43.56,43.89,43.21
2019,2,5,43.22,43.55,43.77,43.09
2019,2,4,41.85,42.81,42.91,41.82
2019,2,1,41.74,41.63,42.25,41.48
2019,1,31,41.53,41.61,42.25,41.14
2019,1,30,40.81,41.31,41.54,40.06
2019,1,29,39.06,38.67,39.53,38.53
2019,1,28,38.95,39.08,39.08,38.42
2019,1,25,38.87,39.44,39.53,38.58
2019,1,24,38.53,38.18,38.62,37.94
2019,1,23,38.54,38.48,38.79,37.93
2019,1,22,39.1,38.33,39.18,38.16
2019,1,18,39.38,39.21,39.47,39.0
2019,1,17,38.55,38.97,39.42,38.32
2019,1,16,38.27,38.74,38.97,38.25
2019,1,15,37.57,38.27,38.35,37.51
2019,1,14,37.71,37.5,37.82,37.31
2019,1,11,38.22,38.07,38.43,37.88
2019,1,10,38.13,38.45,38.49,37.72
2019,1,9,37.82,38.33,38.63,37.41
2019,1,8,37.39,37.69,37.96,37.13
2019,1,7,37.18,36.98,37.21,36.48
2019,1,4,36.13,37.07,37.14,35.95
2019,1,3,36.0,35.55,36.43,35.5
2019,1,2,38.72,39.48,39.71,38.56
2018,12,31,39.63,39.44,39.84,39.12
2018,12,28,39.38,39.06,39.63,38.64
2018,12,27,38.96,39.04,39.19,37.52
2018,12,26,37.08,39.29,39.31,36.68
2018,12,24,37.04,36.71,37.89,36.65
2018,12,21,39.22,37.68,39.54,37.41
2018,12,20,40.1,39.21,40.53,38.83
2018,12,19,41.5,40.22,41.86,39.77
2018,12,18,41.35,41.52,41.88,41.1
2018,12,17,41.36,40.99,42.09,40.68
2018,12,14,42.25,41.37,42.27,41.32
2018,12,13,42.62,42.74,43.14,42.39
2018,12,12,42.6,42.28,42.98,42.26
2018,12,11,42.92,42.16,42.95,41.75
2018,12,10,41.25,42.4,42.52,40.83
2018,12,7,43.37,42.12,43.62,42.08
2018,12,6,42.94,43.68,43.7,42.61
2018,12,4,45.24,44.17,45.6,44.07
2018,12,3,46.12,46.21,46.24,45.3
2018,11,30,45.07,44.65,45.08,44.26
2018,11,29,45.67,44.89,45.7,44.43
2018,11,28,44.18,45.24,45.32,43.73
2018,11,27,42.88,43.56,43.69,42.72
2018,11,26,43.56,43.66,43.74,42.57
2018,11,23,43.74,43.07,44.15,43.03
2018,11,21,44.93,44.2,45.07,44.14
2018,11,20,44.59,44.25,45.37,43.88
2018,11,19,47.5,46.47,47.68,46.25
2018,11,16,47.63,48.38,48.74,47.37
2018,11,15,47.1,47.85,47.99,46.73
2018,11,14,48.48,46.7,48.62,46.48
2018,11,13,47.91,48.06,49.3,47.86
2018,11,12,49.75,48.54,49.96,48.45
2018,11,9,51.39,51.12,51.5,50.56
2018,11,8,52.5,52.12,52.53,51.69
2018,11,7,51.49,52.49,52.52,51.03
2018,11,6,50.48,50.94,51.18,50.42
2018,11,5,51.08,50.4,51.1,49.54
2018,11,2,52.39,51.87,53.41,51.36
2018,11,1,54.76,55.56,55.59,54.2
2018,10,31,54.22,54.72,55.11,54.16
2018,10,30,52.79,53.33,53.8,52.32
2018,10,29,54.8,53.06,54.92,51.52
2018,10,26,53.98,54.08,55.05,53.17
2018,10,25,54.43,54.95,55.35,54.19
2018,10,24,55.65,53.77,56.06,53.64
